{"cameraMode":{"drawMode":0,"name":"Shaded","section":"Shading Mode"},"sceneLighting":true,"audioPlay":false,"sceneViewState":{"m_AlwaysRefresh":false,"showFog":true,"showSkybox":true,"showFlares":true,"showImageEffects":true,"showParticleSystems":true,"showVisualEffectGraphs":true,"m_FxEnabled":true},"in2DMode":false,"pivot":{"x":4.5261335372924809,"y":6.819179534912109,"z":7.821876525878906},"rotation":{"x":0.305531769990921,"y":0.09179552644491196,"z":-0.029607022181153299,"w":0.9472857713699341},"size":14.925461769104004,"orthographic":true}