{"cameraMode":{"drawMode":0,"name":"Shaded","section":"Shading Mode"},"sceneLighting":true,"audioPlay":false,"sceneViewState":{"m_AlwaysRefresh":false,"showFog":true,"showSkybox":true,"showFlares":true,"showImageEffects":true,"showParticleSystems":true,"showVisualEffectGraphs":true,"m_FxEnabled":true},"in2DMode":false,"pivot":{"x":16.563932418823243,"y":13.368629455566407,"z":-13.630314826965332},"rotation":{"x":0.3455466330051422,"y":0.1744937151670456,"z":-0.06556002050638199,"w":0.9197021722793579},"size":36.17670822143555,"orthographic":true}