{"cameraMode":{"drawMode":0,"name":"Shaded","section":"Shading Mode"},"sceneLighting":true,"audioPlay":false,"sceneViewState":{"m_AlwaysRefresh":false,"showFog":true,"showSkybox":true,"showFlares":true,"showImageEffects":true,"showParticleSystems":true,"showVisualEffectGraphs":true,"m_FxEnabled":true},"in2DMode":false,"pivot":{"x":-2.130000114440918,"y":0.5199999809265137,"z":-0.9600000381469727},"rotation":{"x":0.3455466330051422,"y":0.1744937151670456,"z":-0.06556002050638199,"w":0.9197021722793579},"size":0.8660253882408142,"orthographic":true}